fileName,catalogNumber,fixedCatalogNumber,scientificName,Genus,Family,
INHS_FISH_000710.jpg,710,710,Carassius,auratus,Carassius,Cyprinidae
INHS_FISH_000757.jpg,757,757,Carassius,auratus,Carassius,Cyprinidae
INHS_FISH_000835.jpg,835,835,Carassius,auratus,Carassius,Cyprinidae
INHS_FISH_003822.jpg,3822,3822,Carassius,auratus,Carassius,Cyprinidae
INHS_FISH_006548.jpg,6548,6548,Carassius,auratus,Carassius,Cyprinidae
INHS_FISH_012567.jpg,12567,12567,Carassius,auratus,Carassius,Cyprinidae
INHS_FISH_014466.jpg,14466,14466,Carassius,auratus,Carassius,Cyprinidae
INHS_FISH_016548.jpg,16548,16548,Cyprinus,carpio,Cyprinus,Cyprinidae
INHS_FISH_017196.jpg,17196,17196,Cyprinus,carpio,Cyprinus,Cyprinidae
INHS_FISH_024978.jpg,24978,24978,Carassius,auratus,Carassius,Cyprinidae
INHS_FISH_025552.jpg,25552,25552,Carassius,auratus,Carassius,Cyprinidae
INHS_FISH_025698.jpg,25698,25698,Carassius,auratus,Carassius,Cyprinidae
INHS_FISH_025834.jpg,25834,25834,Carassius,auratus,Carassius,Cyprinidae
INHS_FISH_026052.jpg,26052,26052,Cyprinus,carpio,Cyprinus,Cyprinidae
INHS_FISH_026103.jpg,26103,26103,Carassius,auratus,Carassius,Cyprinidae
INHS_FISH_026162.jpg,26162,26162,Carassius,auratus,Carassius,Cyprinidae
INHS_FISH_026243.jpg,26243,26243,Carassius,auratus,Carassius,Cyprinidae
INHS_FISH_026757.jpg,26757,26757,Carassius,auratus,Carassius,Cyprinidae
INHS_FISH_100045.jpg,100045,100045,Noturus,gyrinus,Noturus,Ictaluridae
INHS_FISH_100058.jpg,100058,100058,Noturus,gyrinus,Noturus,Ictaluridae
INHS_FISH_100512.jpg,100512,100512,Lepomis,cyanellus,Lepomis,Centrarchidae
INHS_FISH_100636.jpg,100636,100636,Lepomis,cyanellus,Lepomis,Centrarchidae
INHS_FISH_100772.jpg,100772,100772,Noturus,gyrinus,Noturus,Ictaluridae
INHS_FISH_100972.jpg,100972,100972,Noturus,flavus,Noturus,Ictaluridae
INHS_FISH_101143.jpg,101143,101143,Carassius,auratus,Carassius,Cyprinidae
INHS_FISH_101493.jpg,101493,101493,Noturus,eleutherus,Noturus,Ictaluridae
INHS_FISH_102092.jpg,102092,102092,Carassius,auratus,Carassius,Cyprinidae
INHS_FISH_102103.jpg,102103,102103,Cyprinus,carpio,Cyprinus,Cyprinidae
INHS_FISH_102495.jpg,102495,102495,Noturus,flavus,Noturus,Ictaluridae
INHS_FISH_102537.jpg,102537,102537,Noturus,gyrinus,Noturus,Ictaluridae
INHS_FISH_102623.jpg,102623,102623,Noturus,flavus,Noturus,Ictaluridae
INHS_FISH_103344.jpg,103344,103344,Noturus,exilis,Noturus,Ictaluridae
INHS_FISH_103738.jpg,103738,103738,Noturus,gyrinus,Noturus,Ictaluridae
INHS_FISH_103780.jpg,103780,103780,Cyprinus,carpio,Cyprinus,Cyprinidae
INHS_FISH_104646.jpg,104646,104646,Lepomis,cyanellus,Lepomis,Centrarchidae
INHS_FISH_104736.jpg,104736,104736,Noturus,exilis,Noturus,Ictaluridae
INHS_FISH_104808.jpg,104808,104808,Esox,lucius,Esox,Esocidae
INHS_FISH_104982.jpg,104982,104982,Noturus,exilis,Noturus,Ictaluridae
INHS_FISH_105265.jpg,105265,105265,Lepomis,cyanellus,Lepomis,Centrarchidae
INHS_FISH_105636.jpg,105636,105636,Noturus,flavus,Noturus,Ictaluridae
INHS_FISH_105749.jpg,105749,105749,Esox,americanus,Esox,Esocidae
INHS_FISH_105894.jpg,105894,105894,Noturus,gyrinus,Noturus,Ictaluridae
INHS_FISH_105980.jpg,105980,105980,Noturus,gyrinus,Noturus,Ictaluridae
INHS_FISH_106224.jpg,106224,106224,Noturus,flavus,Noturus,Ictaluridae
INHS_FISH_106363.jpg,106363,106363,Lepomis,auritus,Lepomis,Centrarchidae
INHS_FISH_10646.jpg,10646,10646,Cyprinus,carpio,Cyprinus,Cyprinidae
INHS_FISH_106678.jpg,106678,106678,Esox,americanus,Esox,Esocidae
INHS_FISH_107071.jpg,107071,107071,Noturus,exilis,Noturus,Ictaluridae
INHS_FISH_107186.jpg,107186,107186,Noturus,gyrinus,Noturus,Ictaluridae
INHS_FISH_107230.jpg,107230,107230,Esox,lucius,Esox,Esocidae
INHS_FISH_107452.jpg,107452,107452,Noturus,exilis,Noturus,Ictaluridae
INHS_FISH_10761.jpg,10761,10761,Noturus,flavus,Noturus,Ictaluridae
INHS_FISH_107971.jpg,107971,107971,Esox,americanus,Esox,Esocidae
INHS_FISH_108140.jpg,108140,108140,Esox,americanus,Esox,Esocidae
INHS_FISH_108235.jpg,108235,108235,Carassius,auratus,Carassius,Cyprinidae
INHS_FISH_108310.jpg,108310,108310,Esox,americanus,Esox,Esocidae
INHS_FISH_108701.jpg,108701,108701,Noturus,exilis,Noturus,Ictaluridae
INHS_FISH_108714.jpg,108714,108714,Noturus,exilis,Noturus,Ictaluridae
INHS_FISH_108764.jpg,108764,108764,Noturus,exilis,Noturus,Ictaluridae
INHS_FISH_108766.jpg,108766,108766,Noturus,exilis,Noturus,Ictaluridae
INHS_FISH_108931.jpg,108931,108931,Noturus,eleutherus,Noturus,Ictaluridae
INHS_FISH_109100.jpg,109100,109100,Noturus,flavus,Noturus,Ictaluridae
INHS_FISH_109416.jpg,109416,109416,Noturus,flavus,Noturus,Ictaluridae
INHS_FISH_11083.jpg,11083,11083,Lepomis,cyanellus,Lepomis,Centrarchidae
INHS_FISH_11445.jpg,11445,11445,Noturus,eleutherus,Noturus,Ictaluridae
INHS_FISH_11536.jpg,11536,11536,Esox,americanus,Esox,Esocidae
INHS_FISH_11789.jpg,11789,11789,Noturus,flavus,Noturus,Ictaluridae
INHS_FISH_11927.jpg,11927,11927,Noturus,flavus,Noturus,Ictaluridae
INHS_FISH_12568.jpg,12568,12568,Cyprinus,carpio,Cyprinus,Cyprinidae
INHS_FISH_12572.jpg,12572,12572,Noturus,gyrinus,Noturus,Ictaluridae
INHS_FISH_126.jpg,126,126,Noturus,gyrinus,Noturus,Ictaluridae
INHS_FISH_12762.jpg,12762,12762,Noturus,flavus,Noturus,Ictaluridae
INHS_FISH_12820.jpg,12820,12820,Noturus,exilis,Noturus,Ictaluridae
INHS_FISH_12930.jpg,12930,12930,Esox,americanus,Esox,Esocidae
INHS_FISH_13056.jpg,13056,13056,Cyprinus,carpio,Cyprinus,Cyprinidae
INHS_FISH_13110.jpg,13110,13110,Esox,americanus,Esox,Esocidae
INHS_FISH_13297.jpg,13297,13297,Noturus,flavus,Noturus,Ictaluridae
INHS_FISH_14454.jpg,14454,14454,Cyprinus,carpio,Cyprinus,Cyprinidae
INHS_FISH_15323.jpg,15323,15323,Esox,americanus,Esox,Esocidae
INHS_FISH_15451.jpg,15451,15451,Esox,americanus,Esox,Esocidae
INHS_FISH_15857.jpg,15857,15857,Cyprinus,carpio,Cyprinus,Cyprinidae
INHS_FISH_1587.jpg,1587,1587,Lepomis,cyanellus,Lepomis,Centrarchidae
INHS_FISH_16862.jpg,16862,16862,Noturus,eleutherus,Noturus,Ictaluridae
INHS_FISH_17380.jpg,17380,17380,Esox,americanus,Esox,Esocidae
INHS_FISH_17424.jpg,17424,17424,Noturus,gyrinus,Noturus,Ictaluridae
INHS_FISH_17458.jpg,17458,17458,Cyprinus,carpio,Cyprinus,Cyprinidae
INHS_FISH_17910.jpg,17910,17910,Noturus,exilis,Noturus,Ictaluridae
INHS_FISH_18094.jpg,18094,18094,Noturus,exilis,Noturus,Ictaluridae
INHS_FISH_18547.jpg,18547,18547,Noturus,gyrinus,Noturus,Ictaluridae
INHS_FISH_18642.jpg,18642,18642,Noturus,flavus,Noturus,Ictaluridae
INHS_FISH_18909.jpg,18909,18909,Cyprinus,carpio,Cyprinus,Cyprinidae
INHS_FISH_19369.jpg,19369,19369,Cyprinus,carpio,Cyprinus,Cyprinidae
INHS_FISH_1939.jpg,1939,1939,Noturus,flavus,Noturus,Ictaluridae
INHS_FISH_20480.jpg,20480,20480,Cyprinus,carpio,Cyprinus,Cyprinidae
INHS_FISH_20523.jpg,20523,20523,Lepomis,cyanellus,Lepomis,Centrarchidae
INHS_FISH_20690.jpg,20690,20690,Lepomis,cyanellus,Lepomis,Centrarchidae
INHS_FISH_21342.jpg,21342,21342,Cyprinus,carpio,Cyprinus,Cyprinidae
INHS_FISH_21565.jpg,21565,21565,Noturus,gyrinus,Noturus,Ictaluridae
INHS_FISH_21622.jpg,21622,21622,Noturus,exilis,Noturus,Ictaluridae
INHS_FISH_21653.jpg,21653,21653,Noturus,gyrinus,Noturus,Ictaluridae
INHS_FISH_21758.jpg,21758,21758,Cyprinus,carpio,Cyprinus,Cyprinidae
INHS_FISH_2198.jpg,2198,2198,Noturus,gyrinus,Noturus,Ictaluridae
INHS_FISH_22213.jpg,22213,22213,Noturus,exilis,Noturus,Ictaluridae
INHS_FISH_22345.jpg,22345,22345,Cyprinus,carpio,Cyprinus,Cyprinidae
INHS_FISH_2237.jpg,2237,2237,Esox,americanus,Esox,Esocidae
INHS_FISH_2257.jpg,2257,2257,Lepomis,cyanellus,Lepomis,Centrarchidae
INHS_FISH_23032.jpg,23032,23032,Noturus,flavus,Noturus,Ictaluridae
INHS_FISH_23133.jpg,23133,23133,Cyprinus,carpio,Cyprinus,Cyprinidae
INHS_FISH_23153.jpg,23153,23153,Cyprinus,carpio,Cyprinus,Cyprinidae
INHS_FISH_23182.jpg,23182,23182,Noturus,gyrinus,Noturus,Ictaluridae
INHS_FISH_23262.jpg,23262,23262,Lepomis,cyanellus,Lepomis,Centrarchidae
INHS_FISH_23986.jpg,23986,23986,Lepomis,cyanellus,Lepomis,Centrarchidae
INHS_FISH_24127.jpg,24127,24127,Noturus,gyrinus,Noturus,Ictaluridae
INHS_FISH_24258.jpg,24258,24258,Cyprinus,carpio,Cyprinus,Cyprinidae
INHS_FISH_2426.jpg,2426,2426,Noturus,eleutherus,Noturus,Ictaluridae
INHS_FISH_24459.jpg,24459,24459,Cyprinus,carpio,Cyprinus,Cyprinidae
INHS_FISH_24644.jpg,24644,24644,Noturus,flavus,Noturus,Ictaluridae
INHS_FISH_2475.jpg,2475,2475,Noturus,flavus,Noturus,Ictaluridae
INHS_FISH_25087.jpg,25087,25087,Cyprinus,carpio,Cyprinus,Cyprinidae
INHS_FISH_2510.jpg,2510,2510,Noturus,eleutherus,Noturus,Ictaluridae
INHS_FISH_25108.jpg,25108,25108,Cyprinus,carpio,Cyprinus,Cyprinidae
INHS_FISH_25217.jpg,25217,25217,Carassius,auratus,Carassius,Cyprinidae
INHS_FISH_25279.jpg,25279,25279,Carassius,auratus,Carassius,Cyprinidae
INHS_FISH_25303.jpg,25303,25303,Esox,americanus,Esox,Esocidae
INHS_FISH_25478.jpg,25478,25478,Carassius,auratus,Carassius,Cyprinidae
INHS_FISH_25498.jpg,25498,25498,Esox,lucius,Esox,Esocidae
INHS_FISH_25607.jpg,25607,25607,Carassius,auratus,Carassius,Cyprinidae
INHS_FISH_25907.jpg,25907,25907,Carassius,auratus,Carassius,Cyprinidae
INHS_FISH_25964.jpg,25964,25964,Carassius,auratus,Carassius,Cyprinidae
INHS_FISH_26065.jpg,26065,26065,Carassius,auratus,Carassius,Cyprinidae
INHS_FISH_26337.jpg,26337,26337,Esox,lucius,Esox,Esocidae
INHS_FISH_26400.jpg,26400,26400,Noturus,flavus,Noturus,Ictaluridae
INHS_FISH_26594.jpg,26594,26594,Noturus,eleutherus,Noturus,Ictaluridae
INHS_FISH_26685.jpg,26685,26685,Noturus,eleutherus,Noturus,Ictaluridae
INHS_FISH_26975.jpg,26975,26975,Esox,lucius,Esox,Esocidae
INHS_FISH_27196.jpg,27196,27196,Noturus,insignis,Noturus,Ictaluridae
INHS_FISH_27267.jpg,27267,27267,Noturus,insignis,Noturus,Ictaluridae
INHS_FISH_28597.jpg,28597,28597,Lepomis,auritus,Lepomis,Centrarchidae
INHS_FISH_2930.jpg,2930,2930,Lepomis,cyanellus,Lepomis,Centrarchidae
INHS_FISH_29399.jpg,29399,29399,Carassius,auratus,Carassius,Cyprinidae
INHS_FISH_295.jpg,295,295,Esox,lucius,Esox,Esocidae
INHS_FISH_29582.jpg,29582,29582,Noturus,gyrinus,Noturus,Ictaluridae
INHS_FISH_29604.jpg,29604,29604,Noturus,insignis,Noturus,Ictaluridae
INHS_FISH_29612.jpg,29612,29612,Noturus,insignis,Noturus,Ictaluridae
INHS_FISH_29618.jpg,29618,29618,Noturus,insignis,Noturus,Ictaluridae
INHS_FISH_29712.jpg,29712,29712,Noturus,insignis,Noturus,Ictaluridae
INHS_FISH_29732.jpg,29732,29732,Noturus,insignis,Noturus,Ictaluridae
INHS_FISH_29741.jpg,29741,29741,Noturus,insignis,Noturus,Ictaluridae
INHS_FISH_3003.jpg,3003,3003,Esox,americanus,Esox,Esocidae
INHS_FISH_30051.jpg,30051,30051,Esox,lucius,Esox,Esocidae
INHS_FISH_30215.jpg,30215,30215,Lepomis,cyanellus,Lepomis,Centrarchidae
INHS_FISH_30228.jpg,30228,30228,Lepomis,cyanellus,Lepomis,Centrarchidae
INHS_FISH_3026.jpg,3026,3026,Lepomis,cyanellus,Lepomis,Centrarchidae
INHS_FISH_30530.jpg,30530,30530,Noturus,exilis,Noturus,Ictaluridae
INHS_FISH_30570.jpg,30570,30570,Noturus,flavus,Noturus,Ictaluridae
INHS_FISH_30573.jpg,30573,30573,Lepomis,cyanellus,Lepomis,Centrarchidae
INHS_FISH_30732.jpg,30732,30732,Esox,americanus,Esox,Esocidae
INHS_FISH_30939.jpg,30939,30939,Lepomis,cyanellus,Lepomis,Centrarchidae
INHS_FISH_31003.jpg,31003,31003,Noturus,insignis,Noturus,Ictaluridae
INHS_FISH_31009.jpg,31009,31009,Noturus,flavus,Noturus,Ictaluridae
INHS_FISH_31011.jpg,31011,31011,Noturus,insignis,Noturus,Ictaluridae
INHS_FISH_31069.jpg,31069,31069,Noturus,exilis,Noturus,Ictaluridae
INHS_FISH_3186.jpg,3186,3186,Esox,lucius,Esox,Esocidae
INHS_FISH_32267.jpg,32267,32267,Noturus,exilis,Noturus,Ictaluridae
INHS_FISH_32325.jpg,32325,32325,Noturus,insignis,Noturus,Ictaluridae
INHS_FISH_32332.jpg,32332,32332,Noturus,insignis,Noturus,Ictaluridae
INHS_FISH_32343.jpg,32343,32343,Esox,americanus,Esox,Esocidae
INHS_FISH_32363.jpg,32363,32363,Noturus,insignis,Noturus,Ictaluridae
INHS_FISH_32374.jpg,32374,32374,Esox,americanus,Esox,Esocidae
INHS_FISH_32456.jpg,32456,32456,Lepomis,cyanellus,Lepomis,Centrarchidae
INHS_FISH_32534.jpg,32534,32534,Noturus,insignis,Noturus,Ictaluridae
INHS_FISH_32540.jpg,32540,32540,Noturus,gyrinus,Noturus,Ictaluridae
INHS_FISH_32638.jpg,32638,32638,Noturus,gyrinus,Noturus,Ictaluridae
INHS_FISH_32929.jpg,32929,32929,Cyprinus,carpio,Cyprinus,Cyprinidae
INHS_FISH_33504.jpg,33504,33504,Noturus,eleutherus,Noturus,Ictaluridae
INHS_FISH_33588.jpg,33588,33588,Noturus,insignis,Noturus,Ictaluridae
INHS_FISH_33654.jpg,33654,33654,Noturus,exilis,Noturus,Ictaluridae
INHS_FISH_33737.jpg,33737,33737,Carassius,auratus,Carassius,Cyprinidae
INHS_FISH_3491.jpg,3491,3491,Lepomis,cyanellus,Lepomis,Centrarchidae
INHS_FISH_35006.jpg,35006,35006,Noturus,insignis,Noturus,Ictaluridae
INHS_FISH_3572.jpg,3572,3572,Carassius,auratus,Carassius,Cyprinidae
INHS_FISH_36377.jpg,36377,36377,Noturus,flavus,Noturus,Ictaluridae
INHS_FISH_3731.jpg,3731,3731,Esox,lucius,Esox,Esocidae
INHS_FISH_37733.jpg,37733,37733,Noturus,flavus,Noturus,Ictaluridae
INHS_FISH_38018.jpg,38018,38018,Noturus,gyrinus,Noturus,Ictaluridae
INHS_FISH_38407.jpg,38407,38407,Noturus,insignis,Noturus,Ictaluridae
INHS_FISH_38458.jpg,38458,38458,Noturus,eleutherus,Noturus,Ictaluridae
INHS_FISH_38963.jpg,38963,38963,Esox,americanus,Esox,Esocidae
INHS_FISH_38979.jpg,38979,38979,Esox,americanus,Esox,Esocidae
INHS_FISH_40045.jpg,40045,40045,Esox,americanus,Esox,Esocidae
INHS_FISH_4051.jpg,4051,4051,Noturus,gyrinus,Noturus,Ictaluridae
INHS_FISH_40526.jpg,40526,40526,Noturus,gyrinus,Noturus,Ictaluridae
INHS_FISH_40676.jpg,40676,40676,Lepomis,auritus,Lepomis,Centrarchidae
INHS_FISH_40695.jpg,40695,40695,Cyprinus,carpio,Cyprinus,Cyprinidae
INHS_FISH_40727.jpg,40727,40727,Noturus,exilis,Noturus,Ictaluridae
INHS_FISH_41053.jpg,41053,41053,Noturus,flavus,Noturus,Ictaluridae
INHS_FISH_41119.jpg,41119,41119,Noturus,flavus,Noturus,Ictaluridae
INHS_FISH_41171.jpg,41171,41171,Lepomis,auritus,Lepomis,Centrarchidae
INHS_FISH_41315.jpg,41315,41315,Cyprinus,carpio,Cyprinus,Cyprinidae
INHS_FISH_4161.jpg,4161,4161,Noturus,gyrinus,Noturus,Ictaluridae
INHS_FISH_42303.jpg,42303,42303,Noturus,eleutherus,Noturus,Ictaluridae
INHS_FISH_42717.jpg,42717,42717,Noturus,eleutherus,Noturus,Ictaluridae
INHS_FISH_42772.jpg,42772,42772,Noturus,flavus,Noturus,Ictaluridae
INHS_FISH_42897.jpg,42897,42897,Noturus,eleutherus,Noturus,Ictaluridae
INHS_FISH_42898.jpg,42898,42898,Noturus,flavus,Noturus,Ictaluridae
INHS_FISH_429.jpg,429,429,Noturus,flavus,Noturus,Ictaluridae
INHS_FISH_4297.jpg,4297,4297,Esox,lucius,Esox,Esocidae
INHS_FISH_4325.jpg,4325,4325,Esox,lucius,Esox,Esocidae
INHS_FISH_44590.jpg,44590,44590,Noturus,exilis,Noturus,Ictaluridae
INHS_FISH_44694.jpg,44694,44694,Noturus,insignis,Noturus,Ictaluridae
INHS_FISH_44707.jpg,44707,44707,Noturus,insignis,Noturus,Ictaluridae
INHS_FISH_45040.jpg,45040,45040,Lepomis,auritus,Lepomis,Centrarchidae
INHS_FISH_45083.jpg,45083,45083,Lepomis,auritus,Lepomis,Centrarchidae
INHS_FISH_45086.jpg,45086,45086,Noturus,insignis,Noturus,Ictaluridae
INHS_FISH_45318.jpg,45318,45318,Cyprinus,carpio,Cyprinus,Cyprinidae
INHS_FISH_45432.jpg,45432,45432,Esox,americanus,Esox,Esocidae
INHS_FISH_46173.jpg,46173,46173,Lepomis,auritus,Lepomis,Centrarchidae
INHS_FISH_46191.jpg,46191,46191,Esox,americanus,Esox,Esocidae
INHS_FISH_46194.jpg,46194,46194,Lepomis,auritus,Lepomis,Centrarchidae
INHS_FISH_46206.jpg,46206,46206,Esox,americanus,Esox,Esocidae
INHS_FISH_46224.jpg,46224,46224,Esox,americanus,Esox,Esocidae
INHS_FISH_46291.jpg,46291,46291,Noturus,insignis,Noturus,Ictaluridae
INHS_FISH_46332.jpg,46332,46332,Lepomis,auritus,Lepomis,Centrarchidae
INHS_FISH_46363.jpg,46363,46363,Noturus,exilis,Noturus,Ictaluridae
INHS_FISH_46448.jpg,46448,46448,Lepomis,cyanellus,Lepomis,Centrarchidae
INHS_FISH_46991.jpg,46991,46991,Lepomis,auritus,Lepomis,Centrarchidae
INHS_FISH_47006.jpg,47006,47006,Noturus,exilis,Noturus,Ictaluridae
INHS_FISH_47027.jpg,47027,47027,Lepomis,auritus,Lepomis,Centrarchidae
INHS_FISH_47068.jpg,47068,47068,Lepomis,auritus,Lepomis,Centrarchidae
INHS_FISH_47115.jpg,47115,47115,Lepomis,cyanellus,Lepomis,Centrarchidae
INHS_FISH_47587.jpg,47587,47587,Lepomis,cyanellus,Lepomis,Centrarchidae
INHS_FISH_47662.jpg,47662,47662,Lepomis,cyanellus,Lepomis,Centrarchidae
INHS_FISH_47733.jpg,47733,47733,Noturus,exilis,Noturus,Ictaluridae
INHS_FISH_47774.jpg,47774,47774,Cyprinus,carpio,Cyprinus,Cyprinidae
INHS_FISH_47791.jpg,47791,47791,Esox,americanus,Esox,Esocidae
INHS_FISH_4798.jpg,4798,4798,Lepomis,cyanellus,Lepomis,Centrarchidae
INHS_FISH_48211.jpg,48211,48211,Noturus,gyrinus,Noturus,Ictaluridae
INHS_FISH_48320.jpg,48320,48320,Noturus,eleutherus,Noturus,Ictaluridae
INHS_FISH_48340.jpg,48340,48340,Noturus,eleutherus,Noturus,Ictaluridae
INHS_FISH_48427.jpg,48427,48427,Carassius,auratus,Carassius,Cyprinidae
INHS_FISH_48520.jpg,48520,48520,Cyprinus,carpio,Cyprinus,Cyprinidae
INHS_FISH_4916.jpg,4916,4916,Carassius,auratus,Carassius,Cyprinidae
INHS_FISH_49738.jpg,49738,49738,Noturus,insignis,Noturus,Ictaluridae
INHS_FISH_49935.jpg,49935,49935,Cyprinus,carpio,Cyprinus,Cyprinidae
INHS_FISH_50043.jpg,50043,50043,Noturus,insignis,Noturus,Ictaluridae
INHS_FISH_50076.jpg,50076,50076,Lepomis,auritus,Lepomis,Centrarchidae
INHS_FISH_50082.jpg,50082,50082,Noturus,insignis,Noturus,Ictaluridae
INHS_FISH_50300.jpg,50300,50300,Cyprinus,carpio,Cyprinus,Cyprinidae
INHS_FISH_50729.jpg,50729,50729,Lepomis,cyanellus,Lepomis,Centrarchidae
INHS_FISH_51172.jpg,51172,51172,Carassius,auratus,Carassius,Cyprinidae
INHS_FISH_5124.jpg,5124,5124,Carassius,auratus,Carassius,Cyprinidae
INHS_FISH_51409.jpg,51409,51409,Lepomis,cyanellus,Lepomis,Centrarchidae
INHS_FISH_51418.jpg,51418,51418,Noturus,insignis,Noturus,Ictaluridae
INHS_FISH_51429.jpg,51429,51429,Lepomis,auritus,Lepomis,Centrarchidae
INHS_FISH_51437.jpg,51437,51437,Lepomis,cyanellus,Lepomis,Centrarchidae
INHS_FISH_51439.jpg,51439,51439,Noturus,insignis,Noturus,Ictaluridae
INHS_FISH_51445.jpg,51445,51445,Lepomis,auritus,Lepomis,Centrarchidae
INHS_FISH_51478.jpg,51478,51478,Lepomis,auritus,Lepomis,Centrarchidae
INHS_FISH_51500.jpg,51500,51500,Lepomis,auritus,Lepomis,Centrarchidae
INHS_FISH_51703.jpg,51703,51703,Noturus,eleutherus,Noturus,Ictaluridae
INHS_FISH_51885.jpg,51885,51885,Lepomis,auritus,Lepomis,Centrarchidae
INHS_FISH_52208.jpg,52208,52208,Esox,lucius,Esox,Esocidae
INHS_FISH_53052.jpg,53052,53052,Noturus,flavus,Noturus,Ictaluridae
INHS_FISH_53152.jpg,53152,53152,Esox,americanus,Esox,Esocidae
INHS_FISH_53366.jpg,53366,53366,Noturus,eleutherus,Noturus,Ictaluridae
INHS_FISH_53547.jpg,53547,53547,Noturus,eleutherus,Noturus,Ictaluridae
INHS_FISH_53594.jpg,53594,53594,Noturus,eleutherus,Noturus,Ictaluridae
INHS_FISH_53622.jpg,53622,53622,Noturus,eleutherus,Noturus,Ictaluridae
INHS_FISH_54157.jpg,54157,54157,Noturus,flavus,Noturus,Ictaluridae
INHS_FISH_55256.jpg,55256,55256,Cyprinus,carpio,Cyprinus,Cyprinidae
INHS_FISH_55653.jpg,55653,55653,Noturus,eleutherus,Noturus,Ictaluridae
INHS_FISH_56007.jpg,56007,56007,Noturus,gyrinus,Noturus,Ictaluridae
INHS_FISH_5603.jpg,5603,5603,Noturus,flavus,Noturus,Ictaluridae
INHS_FISH_5607.jpg,5607,5607,Lepomis,cyanellus,Lepomis,Centrarchidae
INHS_FISH_56337.jpg,56337,56337,Noturus,exilis,Noturus,Ictaluridae
INHS_FISH_56375.jpg,56375,56375,Cyprinus,carpio,Cyprinus,Cyprinidae
INHS_FISH_56382.jpg,56382,56382,Noturus,gyrinus,Noturus,Ictaluridae
INHS_FISH_5668.jpg,5668,5668,Esox,americanus,Esox,Esocidae
INHS_FISH_56994.jpg,56994,56994,Cyprinus,carpio,Cyprinus,Cyprinidae
INHS_FISH_57017.jpg,57017,57017,Carassius,auratus,Carassius,Cyprinidae
INHS_FISH_57041.jpg,57041,57041,Esox,lucius,Esox,Esocidae
INHS_FISH_57055.jpg,57055,57055,Cyprinus,carpio,Cyprinus,Cyprinidae
INHS_FISH_57501.jpg,57501,57501,Lepomis,cyanellus,Lepomis,Centrarchidae
INHS_FISH_57524.jpg,57524,57524,Noturus,flavus,Noturus,Ictaluridae
INHS_FISH_57607.jpg,57607,57607,Noturus,gyrinus,Noturus,Ictaluridae
INHS_FISH_58307.jpg,58307,58307,Noturus,exilis,Noturus,Ictaluridae
INHS_FISH_58391.jpg,58391,58391,Noturus,exilis,Noturus,Ictaluridae
INHS_FISH_58562.jpg,58562,58562,Lepomis,cyanellus,Lepomis,Centrarchidae
INHS_FISH_58723.jpg,58723,58723,Lepomis,cyanellus,Lepomis,Centrarchidae
INHS_FISH_58745.jpg,58745,58745,Lepomis,cyanellus,Lepomis,Centrarchidae
INHS_FISH_58837.jpg,58837,58837,Cyprinus,carpio,Cyprinus,Cyprinidae
INHS_FISH_58870.jpg,58870,58870,Cyprinus,carpio,Cyprinus,Cyprinidae
INHS_FISH_58884.jpg,58884,58884,Lepomis,cyanellus,Lepomis,Centrarchidae
INHS_FISH_58949.jpg,58949,58949,Esox,americanus,Esox,Esocidae
INHS_FISH_58981.jpg,58981,58981,Noturus,insignis,Noturus,Ictaluridae
INHS_FISH_59010.jpg,59010,59010,Noturus,eleutherus,Noturus,Ictaluridae
INHS_FISH_59062.jpg,59062,59062,Lepomis,auritus,Lepomis,Centrarchidae
INHS_FISH_59146.jpg,59146,59146,Noturus,gyrinus,Noturus,Ictaluridae
INHS_FISH_59327.jpg,59327,59327,Carassius,auratus,Carassius,Cyprinidae
INHS_FISH_59381.jpg,59381,59381,Lepomis,auritus,Lepomis,Centrarchidae
INHS_FISH_59400.jpg,59400,59400,Lepomis,auritus,Lepomis,Centrarchidae
INHS_FISH_59426.jpg,59426,59426,Lepomis,auritus,Lepomis,Centrarchidae
INHS_FISH_59564.jpg,59564,59564,Lepomis,auritus,Lepomis,Centrarchidae
INHS_FISH_59647.jpg,59647,59647,Lepomis,auritus,Lepomis,Centrarchidae
INHS_FISH_59719.jpg,59719,59719,Noturus,gyrinus,Noturus,Ictaluridae
INHS_FISH_59772.jpg,59772,59772,Lepomis,cyanellus,Lepomis,Centrarchidae
INHS_FISH_5983.jpg,5983,5983,Esox,americanus,Esox,Esocidae
INHS_FISH_60892.jpg,60892,60892,Noturus,eleutherus,Noturus,Ictaluridae
INHS_FISH_61200.jpg,61200,61200,Noturus,eleutherus,Noturus,Ictaluridae
INHS_FISH_61749.jpg,61749,61749,Noturus,exilis,Noturus,Ictaluridae
INHS_FISH_61785.jpg,61785,61785,Noturus,eleutherus,Noturus,Ictaluridae
INHS_FISH_6183.jpg,6183,6183,Noturus,gyrinus,Noturus,Ictaluridae
INHS_FISH_62271.jpg,62271,62271,Noturus,exilis,Noturus,Ictaluridae
INHS_FISH_6228.jpg,6228,6228,Lepomis,cyanellus,Lepomis,Centrarchidae
INHS_FISH_62299.jpg,62299,62299,Noturus,flavus,Noturus,Ictaluridae
INHS_FISH_62540.jpg,62540,62540,Noturus,exilis,Noturus,Ictaluridae
INHS_FISH_62927.jpg,62927,62927,Lepomis,auritus,Lepomis,Centrarchidae
INHS_FISH_63034.jpg,63034,63034,Lepomis,auritus,Lepomis,Centrarchidae
INHS_FISH_63061.jpg,63061,63061,Lepomis,auritus,Lepomis,Centrarchidae
INHS_FISH_63090.jpg,63090,63090,Esox,americanus,Esox,Esocidae
INHS_FISH_63274.jpg,63274,63274,Esox,americanus,Esox,Esocidae
INHS_FISH_63287.jpg,63287,63287,Noturus,flavus,Noturus,Ictaluridae
INHS_FISH_63307.jpg,63307,63307,Noturus,eleutherus,Noturus,Ictaluridae
INHS_FISH_63373.jpg,63373,63373,Esox,americanus,Esox,Esocidae
INHS_FISH_63588.jpg,63588,63588,Noturus,flavus,Noturus,Ictaluridae
INHS_FISH_6369.jpg,6369,6369,Noturus,flavus,Noturus,Ictaluridae
INHS_FISH_63713.jpg,63713,63713,Noturus,exilis,Noturus,Ictaluridae
INHS_FISH_63738.jpg,63738,63738,Noturus,exilis,Noturus,Ictaluridae
INHS_FISH_6398.jpg,6398,6398,Cyprinus,carpio,Cyprinus,Cyprinidae
INHS_FISH_64071.jpg,64071,64071,Noturus,insignis,Noturus,Ictaluridae
INHS_FISH_64079.jpg,64079,64079,Noturus,eleutherus,Noturus,Ictaluridae
INHS_FISH_64109.jpg,64109,64109,Esox,lucius,Esox,Esocidae
INHS_FISH_64141.jpg,64141,64141,Noturus,eleutherus,Noturus,Ictaluridae
INHS_FISH_64251.jpg,64251,64251,Noturus,eleutherus,Noturus,Ictaluridae
INHS_FISH_64335.jpg,64335,64335,Noturus,eleutherus,Noturus,Ictaluridae
INHS_FISH_64705.jpg,64705,64705,Noturus,gyrinus,Noturus,Ictaluridae
INHS_FISH_64836.jpg,64836,64836,Lepomis,auritus,Lepomis,Centrarchidae
INHS_FISH_6497.jpg,6497,6497,Noturus,flavus,Noturus,Ictaluridae
INHS_FISH_65024.jpg,65024,65024,Lepomis,cyanellus,Lepomis,Centrarchidae
INHS_FISH_6540.jpg,6540,6540,Esox,lucius,Esox,Esocidae
INHS_FISH_6648.jpg,6648,6648,Noturus,exilis,Noturus,Ictaluridae
INHS_FISH_67924.jpg,67924,67924,Lepomis,auritus,Lepomis,Centrarchidae
INHS_FISH_68083_2.jpg,68083_2,68083,Noturus,exilis,Noturus,Ictaluridae
INHS_FISH_6820.jpg,6820,6820,Noturus,gyrinus,Noturus,Ictaluridae
INHS_FISH_68432.jpg,68432,68432,Lepomis,auritus,Lepomis,Centrarchidae
INHS_FISH_686.jpg,686,686,Esox,lucius,Esox,Esocidae
INHS_FISH_68672.jpg,68672,68672,Lepomis,auritus,Lepomis,Centrarchidae
INHS_FISH_68715.jpg,68715,68715,Lepomis,cyanellus,Lepomis,Centrarchidae
INHS_FISH_69011.jpg,69011,69011,Noturus,eleutherus,Noturus,Ictaluridae
INHS_FISH_73690.jpg,73690,73690,Noturus,eleutherus,Noturus,Ictaluridae
INHS_FISH_73746.jpg,73746,73746,Noturus,eleutherus,Noturus,Ictaluridae
INHS_FISH_73787.jpg,73787,73787,Carassius,auratus,Carassius,Cyprinidae
INHS_FISH_73804.jpg,73804,73804,Lepomis,cyanellus,Lepomis,Centrarchidae
INHS_FISH_7390.jpg,7390,7390,Noturus,gyrinus,Noturus,Ictaluridae
INHS_FISH_74076.jpg,74076,74076,Noturus,insignis,Noturus,Ictaluridae
INHS_FISH_74106.jpg,74106,74106,Noturus,insignis,Noturus,Ictaluridae
INHS_FISH_74146.jpg,74146,74146,Noturus,insignis,Noturus,Ictaluridae
INHS_FISH_74205.jpg,74205,74205,Noturus,exilis,Noturus,Ictaluridae
INHS_FISH_74241.jpg,74241,74241,Noturus,exilis,Noturus,Ictaluridae
INHS_FISH_7433.jpg,7433,7433,Esox,americanus,Esox,Esocidae
INHS_FISH_74358.jpg,74358,74358,Lepomis,auritus,Lepomis,Centrarchidae
INHS_FISH_74573.jpg,74573,74573,Noturus,exilis,Noturus,Ictaluridae
INHS_FISH_7471.jpg,7471,7471,Cyprinus,carpio,Cyprinus,Cyprinidae
INHS_FISH_74738.jpg,74738,74738,Lepomis,auritus,Lepomis,Centrarchidae
INHS_FISH_75084.jpg,75084,75084,Noturus,insignis,Noturus,Ictaluridae
INHS_FISH_75145.jpg,75145,75145,Noturus,eleutherus,Noturus,Ictaluridae
INHS_FISH_75164.jpg,75164,75164,Noturus,insignis,Noturus,Ictaluridae
INHS_FISH_75215.jpg,75215,75215,Lepomis,auritus,Lepomis,Centrarchidae
INHS_FISH_75225.jpg,75225,75225,Noturus,insignis,Noturus,Ictaluridae
INHS_FISH_75234.jpg,75234,75234,Noturus,insignis,Noturus,Ictaluridae
INHS_FISH_75258.jpg,75258,75258,Lepomis,auritus,Lepomis,Centrarchidae
INHS_FISH_75276.jpg,75276,75276,Lepomis,auritus,Lepomis,Centrarchidae
INHS_FISH_75284.jpg,75284,75284,Lepomis,auritus,Lepomis,Centrarchidae
INHS_FISH_75313.jpg,75313,75313,Carassius,auratus,Carassius,Cyprinidae
INHS_FISH_758.jpg,758,758,Cyprinus,carpio,Cyprinus,Cyprinidae
INHS_FISH_76300.jpg,76300,76300,Lepomis,auritus,Lepomis,Centrarchidae
INHS_FISH_76849.jpg,76849,76849,Noturus,insignis,Noturus,Ictaluridae
INHS_FISH_76861.jpg,76861,76861,Noturus,insignis,Noturus,Ictaluridae
INHS_FISH_76933.jpg,76933,76933,Noturus,insignis,Noturus,Ictaluridae
INHS_FISH_77132.jpg,77132,77132,Noturus,gyrinus,Noturus,Ictaluridae
INHS_FISH_77404.jpg,77404,77404,Cyprinus,carpio,Cyprinus,Cyprinidae
INHS_FISH_7746.jpg,7746,7746,Noturus,eleutherus,Noturus,Ictaluridae
INHS_FISH_77561.jpg,77561,77561,Cyprinus,carpio,Cyprinus,Cyprinidae
INHS_FISH_7761.jpg,7761,7761,Cyprinus,carpio,Cyprinus,Cyprinidae
INHS_FISH_79504.jpg,79504,79504,Esox,lucius,Esox,Esocidae
INHS_FISH_79838.jpg,79838,79838,Lepomis,cyanellus,Lepomis,Centrarchidae
INHS_FISH_80392.jpg,80392,80392,Noturus,exilis,Noturus,Ictaluridae
INHS_FISH_805.jpg,805,805,Esox,americanus,Esox,Esocidae
INHS_FISH_80509.jpg,80509,80509,Noturus,exilis,Noturus,Ictaluridae
INHS_FISH_80568.jpg,80568,80568,Noturus,exilis,Noturus,Ictaluridae
INHS_FISH_80646.jpg,80646,80646,Noturus,flavus,Noturus,Ictaluridae
INHS_FISH_80695.jpg,80695,80695,Noturus,exilis,Noturus,Ictaluridae
INHS_FISH_81018.jpg,81018,81018,Noturus,exilis,Noturus,Ictaluridae
INHS_FISH_81070.jpg,81070,81070,Esox,americanus,Esox,Esocidae
INHS_FISH_81563.jpg,81563,81563,Noturus,exilis,Noturus,Ictaluridae
INHS_FISH_82012.jpg,82012,82012,Noturus,insignis,Noturus,Ictaluridae
INHS_FISH_82104.jpg,82104,82104,Lepomis,auritus,Lepomis,Centrarchidae
INHS_FISH_82148.jpg,82148,82148,Noturus,insignis,Noturus,Ictaluridae
INHS_FISH_82719.jpg,82719,82719,Lepomis,cyanellus,Lepomis,Centrarchidae
INHS_FISH_82727.jpg,82727,82727,Lepomis,auritus,Lepomis,Centrarchidae
INHS_FISH_82823.jpg,82823,82823,Noturus,exilis,Noturus,Ictaluridae
INHS_FISH_831.jpg,831,831,Carassius,auratus,Carassius,Cyprinidae
INHS_FISH_83472.jpg,83472,83472,Noturus,insignis,Noturus,Ictaluridae
INHS_FISH_83473.jpg,83473,83473,Lepomis,auritus,Lepomis,Centrarchidae
INHS_FISH_83522.jpg,83522,83522,Noturus,insignis,Noturus,Ictaluridae
INHS_FISH_83542.jpg,83542,83542,Noturus,insignis,Noturus,Ictaluridae
INHS_FISH_83749.jpg,83749,83749,Esox,lucius,Esox,Esocidae
INHS_FISH_83999.jpg,83999,83999,Noturus,exilis,Noturus,Ictaluridae
INHS_FISH_84222.jpg,84222,84222,Cyprinus,carpio,Cyprinus,Cyprinidae
INHS_FISH_84617.jpg,84617,84617,Noturus,exilis,Noturus,Ictaluridae
INHS_FISH_84741.jpg,84741,84741,Esox,americanus,Esox,Esocidae
INHS_FISH_85012.jpg,85012,85012,Noturus,exilis,Noturus,Ictaluridae
INHS_FISH_85433.jpg,85433,85433,Noturus,flavus,Noturus,Ictaluridae
INHS_FISH_85738.jpg,85738,85738,Esox,lucius,Esox,Esocidae
INHS_FISH_85801.jpg,85801,85801,Noturus,flavus,Noturus,Ictaluridae
INHS_FISH_85839.jpg,85839,85839,Noturus,flavus,Noturus,Ictaluridae
INHS_FISH_86350.jpg,86350,86350,Noturus,exilis,Noturus,Ictaluridae
INHS_FISH_86437.jpg,86437,86437,Noturus,exilis,Noturus,Ictaluridae
INHS_FISH_86895.jpg,86895,86895,Lepomis,auritus,Lepomis,Centrarchidae
INHS_FISH_86940.jpg,86940,86940,Lepomis,auritus,Lepomis,Centrarchidae
INHS_FISH_87328.jpg,87328,87328,Noturus,flavus,Noturus,Ictaluridae
INHS_FISH_87500.jpg,87500,87500,Lepomis,auritus,Lepomis,Centrarchidae
INHS_FISH_87505.jpg,87505,87505,Noturus,insignis,Noturus,Ictaluridae
INHS_FISH_88177.jpg,88177,88177,Noturus,insignis,Noturus,Ictaluridae
INHS_FISH_88250.jpg,88250,88250,Lepomis,auritus,Lepomis,Centrarchidae
INHS_FISH_88262.jpg,88262,88262,Lepomis,auritus,Lepomis,Centrarchidae
INHS_FISH_88301.jpg,88301,88301,Esox,americanus,Esox,Esocidae
INHS_FISH_88450.jpg,88450,88450,Carassius,auratus,Carassius,Cyprinidae
INHS_FISH_88453.jpg,88453,88453,Carassius,auratus,Carassius,Cyprinidae
INHS_FISH_88903.jpg,88903,88903,Noturus,eleutherus,Noturus,Ictaluridae
INHS_FISH_89111.jpg,89111,89111,Lepomis,cyanellus,Lepomis,Centrarchidae
INHS_FISH_89189.jpg,89189,89189,Noturus,eleutherus,Noturus,Ictaluridae
INHS_FISH_89331.jpg,89331,89331,Lepomis,cyanellus,Lepomis,Centrarchidae
INHS_FISH_8939.jpg,8939,8939,Noturus,gyrinus,Noturus,Ictaluridae
INHS_FISH_89664.jpg,89664,89664,Cyprinus,carpio,Cyprinus,Cyprinidae
INHS_FISH_89702.jpg,89702,89702,Noturus,exilis,Noturus,Ictaluridae
INHS_FISH_90148.jpg,90148,90148,Noturus,insignis,Noturus,Ictaluridae
INHS_FISH_90170.jpg,90170,90170,Noturus,insignis,Noturus,Ictaluridae
INHS_FISH_90177.jpg,90177,90177,Lepomis,auritus,Lepomis,Centrarchidae
INHS_FISH_90194.jpg,90194,90194,Esox,americanus,Esox,Esocidae
INHS_FISH_90210.jpg,90210,90210,Lepomis,auritus,Lepomis,Centrarchidae
INHS_FISH_90219.jpg,90219,90219,Lepomis,auritus,Lepomis,Centrarchidae
INHS_FISH_9051.jpg,9051,9051,Noturus,exilis,Noturus,Ictaluridae
INHS_FISH_90518.jpg,90518,90518,Cyprinus,carpio,Cyprinus,Cyprinidae
INHS_FISH_90762.jpg,90762,90762,Carassius,auratus,Carassius,Cyprinidae
INHS_FISH_9080.jpg,9080,9080,Noturus,eleutherus,Noturus,Ictaluridae
INHS_FISH_90944.jpg,90944,90944,Noturus,gyrinus,Noturus,Ictaluridae
INHS_FISH_91030.jpg,91030,91030,Esox,lucius,Esox,Esocidae
INHS_FISH_91037.jpg,91037,91037,Esox,lucius,Esox,Esocidae
INHS_FISH_91048.jpg,91048,91048,Esox,lucius,Esox,Esocidae
INHS_FISH_9117.jpg,9117,9117,Noturus,eleutherus,Noturus,Ictaluridae
INHS_FISH_91218.jpg,91218,91218,Noturus,flavus,Noturus,Ictaluridae
INHS_FISH_9169.jpg,9169,9169,Esox,americanus,Esox,Esocidae
INHS_FISH_917.jpg,917,917,Noturus,gyrinus,Noturus,Ictaluridae
INHS_FISH_91796.jpg,91796,91796,Esox,lucius,Esox,Esocidae
INHS_FISH_91797.jpg,91797,91797,Carassius,auratus,Carassius,Cyprinidae
INHS_FISH_92074.jpg,92074,92074,Esox,lucius,Esox,Esocidae
INHS_FISH_92623.jpg,92623,92623,Noturus,gyrinus,Noturus,Ictaluridae
INHS_FISH_92825.jpg,92825,92825,Carassius,auratus,Carassius,Cyprinidae
INHS_FISH_93197.jpg,93197,93197,Lepomis,cyanellus,Lepomis,Centrarchidae
INHS_FISH_93371.jpg,93371,93371,Lepomis,cyanellus,Lepomis,Centrarchidae
INHS_FISH_93450.jpg,93450,93450,Carassius,auratus,Carassius,Cyprinidae
INHS_FISH_93451.jpg,93451,93451,Cyprinus,carpio,Cyprinus,Cyprinidae
INHS_FISH_93918.jpg,93918,93918,Noturus,flavus,Noturus,Ictaluridae
INHS_FISH_9423.jpg,9423,9423,Noturus,eleutherus,Noturus,Ictaluridae
INHS_FISH_94583.jpg,94583,94583,Lepomis,auritus,Lepomis,Centrarchidae
INHS_FISH_94727.jpg,94727,94727,Esox,americanus,Esox,Esocidae
INHS_FISH_94751.jpg,94751,94751,Noturus,eleutherus,Noturus,Ictaluridae
INHS_FISH_95077.jpg,95077,95077,Noturus,flavus,Noturus,Ictaluridae
INHS_FISH_95087.jpg,95087,95087,Lepomis,cyanellus,Lepomis,Centrarchidae
INHS_FISH_95097.jpg,95097,95097,Noturus,flavus,Noturus,Ictaluridae
INHS_FISH_95122.jpg,95122,95122,Carassius,auratus,Carassius,Cyprinidae
INHS_FISH_95180.jpg,95180,95180,Esox,americanus,Esox,Esocidae
INHS_FISH_95243.jpg,95243,95243,Esox,americanus,Esox,Esocidae
INHS_FISH_95253.jpg,95253,95253,Noturus,gyrinus,Noturus,Ictaluridae
INHS_FISH_95470.jpg,95470,95470,Noturus,flavus,Noturus,Ictaluridae
INHS_FISH_9578.jpg,9578,9578,Esox,americanus,Esox,Esocidae
INHS_FISH_95916.jpg,95916,95916,Noturus,gyrinus,Noturus,Ictaluridae
INHS_FISH_95977.jpg,95977,95977,Cyprinus,carpio,Cyprinus,Cyprinidae
INHS_FISH_96007.jpg,96007,96007,Lepomis,cyanellus,Lepomis,Centrarchidae
INHS_FISH_96223.jpg,96223,96223,Noturus,eleutherus,Noturus,Ictaluridae
INHS_FISH_96417.jpg,96417,96417,Esox,americanus,Esox,Esocidae
INHS_FISH_96502.jpg,96502,96502,Noturus,gyrinus,Noturus,Ictaluridae
INHS_FISH_96551.jpg,96551,96551,Noturus,gyrinus,Noturus,Ictaluridae
INHS_FISH_96891.jpg,96891,96891,Lepomis,cyanellus,Lepomis,Centrarchidae
INHS_FISH_97141.jpg,97141,97141,Carassius,auratus,Carassius,Cyprinidae
INHS_FISH_9752.jpg,9752,9752,Noturus,eleutherus,Noturus,Ictaluridae
INHS_FISH_97992.jpg,97992,97992,Esox,americanus,Esox,Esocidae
INHS_FISH_98057.jpg,98057,98057,Noturus,flavus,Noturus,Ictaluridae
INHS_FISH_98083.jpg,98083,98083,Lepomis,cyanellus,Lepomis,Centrarchidae
INHS_FISH_98495.jpg,98495,98495,Esox,americanus,Esox,Esocidae
INHS_FISH_9867.jpg,9867,9867,Noturus,eleutherus,Noturus,Ictaluridae
INHS_FISH_98732.jpg,98732,98732,Lepomis,cyanellus,Lepomis,Centrarchidae
INHS_FISH_98794.jpg,98794,98794,Carassius,auratus,Carassius,Cyprinidae
INHS_FISH_98964.jpg,98964,98964,Lepomis,cyanellus,Lepomis,Centrarchidae
INHS_FISH_99121.jpg,99121,99121,Esox,lucius,Esox,Esocidae
INHS_FISH_99125.jpg,99125,99125,Esox,lucius,Esox,Esocidae
INHS_FISH_99128.jpg,99128,99128,Esox,lucius,Esox,Esocidae
INHS_FISH_99351.jpg,99351,99351,Noturus,gyrinus,Noturus,Ictaluridae
INHS_FISH_99722.jpg,99722,99722,Carassius,auratus,Carassius,Cyprinidae
INHS_FISH_9987.jpg,9987,9987,Noturus,eleutherus,Noturus,Ictaluridae
INHS_FISH_99944.jpg,99944,99944,Cyprinus,carpio,Cyprinus,Cyprinidae